model_name,BER,recall,accuracy
Logistic Regression,0.10757575757575755,0.8181818181818182,0.9038461538461539
Naive Bayes,0.15000000000000002,1.0,0.8269230769230769
SVM,0.10757575757575755,0.8181818181818182,0.9038461538461539
Random Forest,0.15757575757575748,0.8181818181818182,0.8461538461538461
XGBoost,0.2318181818181818,0.6363636363636364,0.7884615384615384
