model_name,accuracy,recall,BER
FLAN-T5,0.6363636363636364,0.375,0.3713235294117647
