model_name,BER,recall,accuracy
scibert,0.29945054945054944,0.7692307692307693,0.7037037037037037
