model_name,BER,recall,accuracy
Logistic Regression,0.16761363636363635,0.9375,0.8518518518518519
Naive Bayes,0.21306818181818188,0.9375,0.8148148148148148
SVM,0.21306818181818188,0.9375,0.8148148148148148
Random Forest,0.12215909090909083,0.9375,0.8888888888888888
XGBoost,0.15340909090909083,0.875,0.8518518518518519
