,Model,R2,MAE,MSE
3,Random Forest,0.47405627350410084,2.9697382368042757,23.620043296923438
0,AdaBoost,0.291320524927644,4.098408106145951,31.811696745850163
2,Linear Regression,0.18609066333017615,4.256121642914046,36.30693384857367
1,K-Nearest Neighbors,0.03356880800472282,4.755140726344585,43.67494598600179
4,Support Vector Regressor,-0.020199347810257052,4.849435682998335,46.35618363607774
