model_name,BER,recall,accuracy
Logistic Regression,0.2413572343149808,0.5454545454545454,0.8709677419354839
Naive Bayes,0.5,0.0,0.7634408602150538
SVM,0.17317541613316267,0.6818181818181818,0.9032258064516129
Random Forest,0.30249679897567217,0.4090909090909091,0.8494623655913979
XGBoost,0.15044814340588986,0.7272727272727273,0.9139784946236559
